-- phpMyAdmin SQL Dump
-- version 4.6.4
-- https://www.phpmyadmin.net/
--
-- Host: 127.0.0.1
-- Generation Time: Dec 14, 2017 at 09:07 AM
-- Server version: 5.7.14
-- PHP Version: 7.0.10

SET SQL_MODE = "NO_AUTO_VALUE_ON_ZERO";
SET time_zone = "+00:00";


/*!40101 SET @OLD_CHARACTER_SET_CLIENT=@@CHARACTER_SET_CLIENT */;
/*!40101 SET @OLD_CHARACTER_SET_RESULTS=@@CHARACTER_SET_RESULTS */;
/*!40101 SET @OLD_COLLATION_CONNECTION=@@COLLATION_CONNECTION */;
/*!40101 SET NAMES utf8mb4 */;

--
-- Database: `qlve2`
--

-- --------------------------------------------------------

--
-- Table structure for table `chitiettaixe`
--

CREATE TABLE `chitiettaixe` (
  `id` int(11) NOT NULL,
  `VitriTX` varchar(200) COLLATE utf8mb4_unicode_ci NOT NULL
) ENGINE=InnoDB DEFAULT CHARSET=utf8mb4 COLLATE=utf8mb4_unicode_ci;

--
-- Dumping data for table `chitiettaixe`
--

INSERT INTO `chitiettaixe` (`id`, `VitriTX`) VALUES
(1, 'Tài Xế'),
(2, 'Phụ Xe'),
(3, 'Lơ Xe');

-- --------------------------------------------------------

--
-- Table structure for table `chuyenxe`
--

CREATE TABLE `chuyenxe` (
  `id` int(11) NOT NULL,
  `Giodi` time NOT NULL,
  `Gioden` time NOT NULL,
  `Diemdi` varchar(200) COLLATE utf8mb4_unicode_ci NOT NULL,
  `Diemden` varchar(200) COLLATE utf8mb4_unicode_ci NOT NULL,
  `Ngaydi` date NOT NULL,
  `Ngayve` date NOT NULL,
  `Giave` int(11) NOT NULL,
  `Chotrong` varchar(200) COLLATE utf8mb4_unicode_ci NOT NULL,
  `id_lotrinh` int(11) NOT NULL,
  `id_taixe` int(11) NOT NULL,
  `id_xe` int(11) NOT NULL,
  `id_vexe` int(11) NOT NULL
) ENGINE=InnoDB DEFAULT CHARSET=utf8mb4 COLLATE=utf8mb4_unicode_ci;

--
-- Dumping data for table `chuyenxe`
--

INSERT INTO `chuyenxe` (`id`, `Giodi`, `Gioden`, `Diemdi`, `Diemden`, `Ngaydi`, `Ngayve`, `Giave`, `Chotrong`, `id_lotrinh`, `id_taixe`, `id_xe`, `id_vexe`) VALUES
(1, '04:00:00', '21:00:00', 'Ben xe HCM', 'Ben xe Đà Nẳng', '2017-12-09', '2017-12-10', 200000, '15', 1, 7, 3, 2),
(2, '03:00:00', '20:00:00', 'Ben xe HCM', 'Ben xe Hà Nội', '2017-12-10', '2017-12-11', 350000, '30', 2, 2, 2, 2),
(21, '18:00:00', '05:00:00', 'Bến Xe Gia Lai', 'Ben xe HCM', '2017-12-12', '2017-12-13', 240000, '32', 3, 10, 5, 3),
(34, '05:00:00', '11:00:00', 'Bến Xe Nước Ngầm', 'Bến Xe Đà Nẳng', '2017-12-14', '2017-12-15', 500000, '42', 1, 2, 3, 2),
(35, '07:00:00', '10:00:00', 'BX AN suong', 'BX mien dong', '2017-12-16', '2017-12-17', 280000, '26', 1, 7, 4, 3),
(36, '10:00:00', '12:00:00', 'BX Gia Lai', 'BX HCM', '2017-12-18', '2017-12-19', 280000, '24', 3, 7, 4, 3);

-- --------------------------------------------------------

--
-- Table structure for table `danhsachghe`
--

CREATE TABLE `danhsachghe` (
  `id` int(11) NOT NULL,
  `ten_ghe` int(11) NOT NULL
) ENGINE=InnoDB DEFAULT CHARSET=latin1;

-- --------------------------------------------------------

--
-- Table structure for table `donhang`
--

CREATE TABLE `donhang` (
  `id` int(20) NOT NULL,
  `Username` varchar(200) COLLATE utf8mb4_unicode_ci NOT NULL,
  `TenHanhKhach` varchar(200) COLLATE utf8mb4_unicode_ci NOT NULL,
  `Phone` int(20) NOT NULL,
  `Email` varchar(200) COLLATE utf8mb4_unicode_ci NOT NULL,
  `Soluong` int(2) NOT NULL,
  `Diemdi` varchar(200) COLLATE utf8mb4_unicode_ci NOT NULL,
  `Giodi` time NOT NULL,
  `Ngaydi` date NOT NULL,
  `Diemden` varchar(200) COLLATE utf8mb4_unicode_ci NOT NULL,
  `Gioden` time NOT NULL,
  `Ngayden` varchar(200) COLLATE utf8mb4_unicode_ci NOT NULL,
  `Giave` int(20) NOT NULL
) ENGINE=InnoDB DEFAULT CHARSET=utf8mb4 COLLATE=utf8mb4_unicode_ci;

--
-- Dumping data for table `donhang`
--

INSERT INTO `donhang` (`id`, `Username`, `TenHanhKhach`, `Phone`, `Email`, `Soluong`, `Diemdi`, `Giodi`, `Ngaydi`, `Diemden`, `Gioden`, `Ngayden`, `Giave`) VALUES
(79, 'duyenit.nguyen96@gmail.com', 'Nguyễn Thị Kỳ Duyên', 1657002257, 'duyenit.nguyen96@gmail.com', 6, 'Ben xe HCM', '03:00:00', '2017-11-30', 'Ben xe Hà Nội', '20:00:00', '2017-12-02', 1400000),
(81, 'Member', 'Trần Thành Viên', 909977888, 'thanhvien@gmail.com', 1, 'Ben xe HCM', '03:00:00', '2017-11-30', 'Ben xe Hà Nội', '20:00:00', '2017-12-02', 350000),
(103, 'Member', 'Trần Thành Viên', 909977888, 'thanhvien@gmail.com', 6, 'Bến Xe Gia Lai', '18:00:00', '2017-12-12', 'Ben xe HCM', '05:00:00', '2017-12-13', 1440000),
(111, 'duyenit.nguyen96@gmail.com', 'Nguyễn Thị Kỳ Duyên', 1657002257, 'duyenit.nguyen96@gmail.com', 5, 'Ben xe HCM', '04:00:00', '2017-12-09', 'Ben xe Đà Nẳng', '21:00:00', '2017-12-10', 1000000),
(137, 'duyenit.nguyen96@gmail.com', 'Nguyễn Thị Kỳ Duyên', 1657002257, 'duyenit.nguyen96@gmail.com', 3, 'Bến Xe Đắk Lắk', '05:00:00', '2017-12-14', 'Bến Xe Đắk Nông', '11:00:00', '2017-12-15', 1500000);

-- --------------------------------------------------------

--
-- Table structure for table `lotrinh`
--

CREATE TABLE `lotrinh` (
  `id` int(11) NOT NULL,
  `Diemdi` varchar(200) COLLATE utf8mb4_unicode_ci NOT NULL,
  `Diemden` varchar(200) COLLATE utf8mb4_unicode_ci NOT NULL
) ENGINE=InnoDB DEFAULT CHARSET=utf8mb4 COLLATE=utf8mb4_unicode_ci;

--
-- Dumping data for table `lotrinh`
--

INSERT INTO `lotrinh` (`id`, `Diemdi`, `Diemden`) VALUES
(1, 'Hồ Chí Minh', 'Đà Nẵng'),
(2, 'Hồ Chí Minh', 'Hà Nội'),
(3, 'Gia Lai', 'Hồ Chí Minh'),
(4, 'An Giang', 'Bắc Giang'),
(7, 'An Giang', 'Đắk Lắk'),
(9, 'Bình Phước', 'An Giang'),
(11, 'Cà Mau', 'Bình Dương'),
(12, 'Bình Định', 'Hồ Chí Minh');

-- --------------------------------------------------------

--
-- Table structure for table `taixe`
--

CREATE TABLE `taixe` (
  `id` int(11) NOT NULL,
  `TenTX` varchar(200) COLLATE utf8mb4_unicode_ci NOT NULL,
  `SDT` int(11) NOT NULL,
  `id_PLTX` int(11) NOT NULL
) ENGINE=InnoDB DEFAULT CHARSET=utf8mb4 COLLATE=utf8mb4_unicode_ci;

--
-- Dumping data for table `taixe`
--

INSERT INTO `taixe` (`id`, `TenTX`, `SDT`, `id_PLTX`) VALUES
(1, 'Nguyễn Anh Tuấn', 90317894, 1),
(2, 'Nguyễn Văn Cừ', 906332231, 2),
(3, 'Nguyễn Tri Phương', 1657002257, 3),
(7, 'Trần Văn Be', 12312312, 3),
(10, 'Uyển Uyển', 909987666, 1);

-- --------------------------------------------------------

--
-- Table structure for table `thanhvien`
--

CREATE TABLE `thanhvien` (
  `id` int(11) NOT NULL,
  `Username` varchar(200) COLLATE utf8mb4_unicode_ci NOT NULL,
  `Password` varchar(200) COLLATE utf8mb4_unicode_ci NOT NULL,
  `level` tinyint(1) NOT NULL DEFAULT '1',
  `TenTV` varchar(200) COLLATE utf8mb4_unicode_ci NOT NULL,
  `Phone` int(11) NOT NULL,
  `Email` varchar(200) COLLATE utf8mb4_unicode_ci NOT NULL,
  `Diachi` varchar(200) COLLATE utf8mb4_unicode_ci NOT NULL
) ENGINE=InnoDB DEFAULT CHARSET=utf8mb4 COLLATE=utf8mb4_unicode_ci;

--
-- Dumping data for table `thanhvien`
--

INSERT INTO `thanhvien` (`id`, `Username`, `Password`, `level`, `TenTV`, `Phone`, `Email`, `Diachi`) VALUES
(1, 'admin', '1234', 0, 'Nguyễn Thị Kỳ Duyên', 1657002257, 'duyenit.nguyen21296@gmail.com', 'Thôn 3- Chư Á- Pleiku- Gia Lai'),
(2, 'Member', '12345', 1, 'Trần Thành Viên', 909977888, 'thanhvien@gmail.com', 'Cao Lổ- Quận 8'),
(9, 'anhtuan321996@gmail.com', 'abcd', 1, 'Nguyễn Anh Tuấn', 1679028648, 'anhtuan321996@gmail.com', '180 Cao Lỗ, Phường 4, Quận 8, Tp Hồ Chí Minh'),
(10, 'duyenit.nguyen96@gmail.com', 'zxcv', 1, 'Nguyễn Thị Kỳ Duyên', 1657002257, 'duyenit.nguyen96@gmail.com', '180 Cao Lỗ, Phường 4, Quận 8, Tp Hồ Chí Minh'),
(17, 'khachang', '202cb962ac59075b964b07152d234b70', 1, 'khachang', 123123, 'khachang', 'khachang'),
(18, 'tandien@gmail.com', '123', 1, 'tandien', 123123123, 'tandien@gmail.com', 'tandien'),
(20, 'tranvan', '123', 1, 'nguyen tran van', 12321312, 'tranvan@gmail.com', 'cao lo 180');

-- --------------------------------------------------------

--
-- Table structure for table `vexe`
--

CREATE TABLE `vexe` (
  `id` int(11) NOT NULL,
  `GiaveLB` int(11) NOT NULL,
  `Giodi` time NOT NULL,
  `Ngaydi` date NOT NULL,
  `Soghe` varchar(200) COLLATE utf8mb4_unicode_ci NOT NULL,
  `id_thanhvien` int(11) NOT NULL
) ENGINE=InnoDB DEFAULT CHARSET=utf8mb4 COLLATE=utf8mb4_unicode_ci;

--
-- Dumping data for table `vexe`
--

INSERT INTO `vexe` (`id`, `GiaveLB`, `Giodi`, `Ngaydi`, `Soghe`, `id_thanhvien`) VALUES
(1, 200000, '04:00:00', '2017-11-30', '8', 1),
(2, 350000, '03:00:00', '2017-11-30', '16', 1),
(3, 240000, '18:00:00', '2017-12-02', '32', 2);

-- --------------------------------------------------------

--
-- Table structure for table `xe`
--

CREATE TABLE `xe` (
  `id` int(11) NOT NULL,
  `Tenxe` varchar(200) COLLATE utf8mb4_unicode_ci NOT NULL,
  `Soxe` varchar(200) COLLATE utf8mb4_unicode_ci NOT NULL,
  `Soluongghe` int(11) NOT NULL
) ENGINE=InnoDB DEFAULT CHARSET=utf8mb4 COLLATE=utf8mb4_unicode_ci;

--
-- Dumping data for table `xe`
--

INSERT INTO `xe` (`id`, `Tenxe`, `Soxe`, `Soluongghe`) VALUES
(1, 'Limo', '59D2-303.59', 32),
(2, 'BMW', '59D2-303.58', 32),
(3, 'Việt Tân Phát', '59M1-123.45', 42),
(4, 'Phương Trang', '59M4-234.56', 42),
(5, 'Phượng Hoàng', '59M3 123.89', 30);

--
-- Indexes for dumped tables
--

--
-- Indexes for table `chitiettaixe`
--
ALTER TABLE `chitiettaixe`
  ADD PRIMARY KEY (`id`);

--
-- Indexes for table `chuyenxe`
--
ALTER TABLE `chuyenxe`
  ADD PRIMARY KEY (`id`),
  ADD KEY `id_lotrinh` (`id_lotrinh`),
  ADD KEY `id_taixe` (`id_taixe`),
  ADD KEY `id_xe` (`id_xe`),
  ADD KEY `id_vexe` (`id_vexe`);

--
-- Indexes for table `donhang`
--
ALTER TABLE `donhang`
  ADD PRIMARY KEY (`id`);

--
-- Indexes for table `lotrinh`
--
ALTER TABLE `lotrinh`
  ADD PRIMARY KEY (`id`);

--
-- Indexes for table `taixe`
--
ALTER TABLE `taixe`
  ADD PRIMARY KEY (`id`),
  ADD KEY `id_PLTX` (`id_PLTX`);

--
-- Indexes for table `thanhvien`
--
ALTER TABLE `thanhvien`
  ADD PRIMARY KEY (`id`);

--
-- Indexes for table `vexe`
--
ALTER TABLE `vexe`
  ADD PRIMARY KEY (`id`),
  ADD KEY `id_thanhvien` (`id_thanhvien`);

--
-- Indexes for table `xe`
--
ALTER TABLE `xe`
  ADD PRIMARY KEY (`id`);

--
-- AUTO_INCREMENT for dumped tables
--

--
-- AUTO_INCREMENT for table `chitiettaixe`
--
ALTER TABLE `chitiettaixe`
  MODIFY `id` int(11) NOT NULL AUTO_INCREMENT, AUTO_INCREMENT=4;
--
-- AUTO_INCREMENT for table `chuyenxe`
--
ALTER TABLE `chuyenxe`
  MODIFY `id` int(11) NOT NULL AUTO_INCREMENT, AUTO_INCREMENT=37;
--
-- AUTO_INCREMENT for table `donhang`
--
ALTER TABLE `donhang`
  MODIFY `id` int(20) NOT NULL AUTO_INCREMENT, AUTO_INCREMENT=138;
--
-- AUTO_INCREMENT for table `lotrinh`
--
ALTER TABLE `lotrinh`
  MODIFY `id` int(11) NOT NULL AUTO_INCREMENT, AUTO_INCREMENT=13;
--
-- AUTO_INCREMENT for table `taixe`
--
ALTER TABLE `taixe`
  MODIFY `id` int(11) NOT NULL AUTO_INCREMENT, AUTO_INCREMENT=11;
--
-- AUTO_INCREMENT for table `thanhvien`
--
ALTER TABLE `thanhvien`
  MODIFY `id` int(11) NOT NULL AUTO_INCREMENT, AUTO_INCREMENT=21;
--
-- AUTO_INCREMENT for table `vexe`
--
ALTER TABLE `vexe`
  MODIFY `id` int(11) NOT NULL AUTO_INCREMENT, AUTO_INCREMENT=4;
--
-- AUTO_INCREMENT for table `xe`
--
ALTER TABLE `xe`
  MODIFY `id` int(11) NOT NULL AUTO_INCREMENT, AUTO_INCREMENT=6;
--
-- Constraints for dumped tables
--

--
-- Constraints for table `chuyenxe`
--
ALTER TABLE `chuyenxe`
  ADD CONSTRAINT `chuyenxe_ibfk_1` FOREIGN KEY (`id_lotrinh`) REFERENCES `lotrinh` (`id`) ON DELETE CASCADE,
  ADD CONSTRAINT `chuyenxe_ibfk_2` FOREIGN KEY (`id_taixe`) REFERENCES `taixe` (`id`) ON DELETE CASCADE,
  ADD CONSTRAINT `chuyenxe_ibfk_3` FOREIGN KEY (`id_xe`) REFERENCES `xe` (`id`) ON DELETE CASCADE,
  ADD CONSTRAINT `chuyenxe_ibfk_4` FOREIGN KEY (`id_vexe`) REFERENCES `vexe` (`id`) ON DELETE CASCADE;

--
-- Constraints for table `taixe`
--
ALTER TABLE `taixe`
  ADD CONSTRAINT `taixe_ibfk_1` FOREIGN KEY (`id_PLTX`) REFERENCES `taixe` (`id`);

--
-- Constraints for table `vexe`
--
ALTER TABLE `vexe`
  ADD CONSTRAINT `vexe_ibfk_1` FOREIGN KEY (`id_thanhvien`) REFERENCES `thanhvien` (`id`) ON DELETE CASCADE;

/*!40101 SET CHARACTER_SET_CLIENT=@OLD_CHARACTER_SET_CLIENT */;
/*!40101 SET CHARACTER_SET_RESULTS=@OLD_CHARACTER_SET_RESULTS */;
/*!40101 SET COLLATION_CONNECTION=@OLD_COLLATION_CONNECTION */;
